/*
SQLyog Ultimate v12.09 (64 bit)
MySQL - 10.1.34-MariaDB : Database - lol
*********************************************************************
*/

/*!40101 SET NAMES utf8 */;

/*!40101 SET SQL_MODE=''*/;

/*!40014 SET @OLD_UNIQUE_CHECKS=@@UNIQUE_CHECKS, UNIQUE_CHECKS=0 */;
/*!40014 SET @OLD_FOREIGN_KEY_CHECKS=@@FOREIGN_KEY_CHECKS, FOREIGN_KEY_CHECKS=0 */;
/*!40101 SET @OLD_SQL_MODE=@@SQL_MODE, SQL_MODE='NO_AUTO_VALUE_ON_ZERO' */;
/*!40111 SET @OLD_SQL_NOTES=@@SQL_NOTES, SQL_NOTES=0 */;
/*Table structure for table `area_list` */

DROP TABLE IF EXISTS `area_list`;

CREATE TABLE `area_list` (
  `id` int(11) NOT NULL AUTO_INCREMENT COMMENT '赛事分区(一届赛事一个战队最初的分配位置)',
  `match_id` int(10) DEFAULT NULL,
  `name` varchar(20) COLLATE utf8mb4_unicode_ci DEFAULT NULL,
  PRIMARY KEY (`id`)
) ENGINE=InnoDB AUTO_INCREMENT=34 DEFAULT CHARSET=utf8mb4 COLLATE=utf8mb4_unicode_ci;

/*Data for the table `area_list` */

insert  into `area_list`(`id`,`match_id`,`name`) values (1,1,'东部'),(2,1,'西部'),(3,2,'小组赛A组种子'),(4,2,'小组赛B组种子'),(5,2,'小组赛C组种子'),(6,2,'小组赛D组种子'),(7,2,'入围赛ABCD组'),(17,3,'小组赛A组'),(19,3,'小组赛B组'),(20,3,'小组赛C组'),(21,3,'小组赛D组'),(22,5,'不分组'),(23,4,'不分组'),(24,6,'东部'),(25,6,'西部'),(26,8,'A组'),(27,8,'B组'),(28,7,'A组'),(29,7,'B组'),(30,9,'A组'),(31,9,'B组'),(32,10,'A组'),(33,10,'B组');

/*Table structure for table `game_detail` */

DROP TABLE IF EXISTS `game_detail`;

CREATE TABLE `game_detail` (
  `id` int(11) NOT NULL AUTO_INCREMENT,
  `game_id` int(11) DEFAULT NULL COMMENT 'game_list ID',
  `blue` int(11) DEFAULT NULL COMMENT '蓝色方 id',
  `blue_win` tinyint(1) DEFAULT '1' COMMENT '蓝色方是否胜利 1胜利 0失败',
  `red` int(11) DEFAULT NULL COMMENT '红色方 id',
  `first_blood` int(11) DEFAULT NULL COMMENT '一血方 id',
  `fb_win` tinyint(1) DEFAULT '1' COMMENT '拿一血的是否胜利 1胜利 0失败',
  `five_kill` int(11) DEFAULT NULL COMMENT '首先拿到5次击杀的队伍',
  `five_kill_win` tinyint(1) DEFAULT '1' COMMENT '首先拿到5次击杀的队伍的结果 1胜利 0失败',
  `ten_kill` int(11) DEFAULT '1' COMMENT '首先拿到10次击杀的队伍',
  `ten_kill_win` int(2) DEFAULT NULL COMMENT '首先拿到10次击杀的队伍的结果 1胜利 0失败',
  `number` int(2) DEFAULT '1' COMMENT '第几场比赛',
  `use_time` time DEFAULT NULL COMMENT '游戏时长',
  PRIMARY KEY (`id`)
) ENGINE=InnoDB AUTO_INCREMENT=156 DEFAULT CHARSET=utf8mb4 COLLATE=utf8mb4_unicode_ci;

/*Data for the table `game_detail` */

insert  into `game_detail`(`id`,`game_id`,`blue`,`blue_win`,`red`,`first_blood`,`fb_win`,`five_kill`,`five_kill_win`,`ten_kill`,`ten_kill_win`,`number`,`use_time`) values (1,149,15,0,13,15,0,13,1,13,1,1,'00:29:12'),(2,145,13,1,16,16,0,16,0,16,0,1,'00:47:05'),(3,146,17,1,18,17,1,17,1,17,1,1,'00:30:10'),(4,147,15,0,16,16,1,16,1,16,1,1,'00:33:18'),(5,148,19,0,17,17,1,17,1,17,1,1,'00:27:45'),(6,150,19,1,18,19,1,19,1,19,1,1,'00:25:16'),(7,151,18,0,17,17,1,17,1,17,1,1,'00:22:10'),(8,152,16,0,13,16,0,13,1,13,1,1,'00:40:00'),(9,153,17,1,19,19,0,19,0,19,0,1,'00:25:47'),(10,154,16,1,15,15,0,16,1,16,1,1,'00:35:15'),(11,155,18,1,19,19,0,19,0,18,1,1,'00:37:27'),(12,156,13,1,15,15,0,13,1,13,1,1,'00:23:23'),(13,157,21,0,22,21,0,21,0,22,1,1,'00:38:40'),(14,158,25,0,23,23,1,23,1,23,1,1,'00:25:25'),(15,159,20,1,22,20,1,20,1,20,1,1,'00:24:50'),(16,160,24,1,23,23,0,24,1,24,1,1,'00:50:00'),(17,161,21,0,20,21,0,21,0,20,1,1,'00:52:15'),(18,162,25,0,24,24,1,24,1,24,1,1,'00:26:40'),(19,163,23,1,25,23,1,23,1,23,1,1,'00:26:20'),(20,164,22,0,21,21,1,21,1,21,1,1,'00:30:00'),(21,165,24,1,25,25,0,25,0,24,1,1,'00:35:30'),(22,166,22,0,20,22,0,20,1,20,1,1,'00:26:40'),(24,168,20,0,21,20,0,21,1,21,1,1,'00:32:00'),(25,169,23,0,24,23,0,23,0,23,0,1,'00:46:50'),(26,167,24,0,23,24,0,24,0,23,1,1,'00:46:00'),(27,888,19,0,18,18,1,18,1,18,1,1,'00:29:20'),(28,170,17,1,16,16,0,17,1,17,1,1,'00:24:45'),(29,170,16,0,17,16,0,16,0,16,0,2,'01:01:40'),(30,170,17,1,16,17,1,17,1,17,1,3,'00:27:40'),(31,171,20,1,23,20,1,20,1,20,1,1,'00:34:00'),(32,171,20,1,23,23,0,20,1,20,1,2,'00:28:50'),(33,171,20,1,23,20,1,20,1,20,1,3,'00:35:26'),(35,172,24,1,18,18,0,24,1,24,1,1,'00:28:32'),(36,172,18,1,24,18,1,18,1,18,1,2,'00:38:07'),(37,172,24,1,18,18,0,18,0,24,1,3,'00:42:17'),(38,172,24,1,18,18,0,24,1,24,1,4,'00:26:38'),(39,173,13,1,21,21,0,13,1,13,1,1,'00:25:10'),(40,173,21,0,13,13,1,21,0,21,0,2,'00:32:11'),(41,173,13,1,21,21,0,21,0,13,1,3,'00:26:13'),(42,174,4,1,24,24,0,4,1,4,1,1,'00:38:40'),(43,175,31,1,28,28,0,28,0,31,1,1,'00:27:30'),(44,176,29,1,27,27,0,27,0,27,0,1,'00:30:00'),(45,177,20,0,34,20,0,34,1,20,0,1,'00:24:10'),(46,178,30,1,17,30,1,30,1,30,1,1,'00:26:44'),(47,179,1,0,33,33,1,33,1,1,0,1,'00:53:50'),(48,180,32,0,26,32,0,32,0,32,0,1,'00:54:00'),(49,181,13,1,35,13,1,13,1,13,1,1,'00:26:55'),(50,182,27,1,20,20,0,27,1,27,1,1,'00:50:46'),(51,183,29,1,34,29,1,29,1,29,1,1,'00:23:54'),(52,184,33,0,17,17,1,17,1,17,1,1,'00:31:27'),(53,185,1,0,30,1,0,1,0,1,0,1,'00:44:14'),(54,186,26,1,13,13,0,26,1,26,1,1,'00:34:14'),(55,187,32,0,35,35,1,35,1,35,1,1,'00:46:40'),(56,188,28,1,24,28,1,28,1,28,1,1,'00:32:00'),(57,189,31,0,4,4,1,4,1,4,1,1,'00:27:24'),(58,190,30,1,33,33,0,33,0,30,1,1,'00:39:20'),(59,191,17,1,1,17,1,17,1,17,1,1,'00:38:28'),(60,192,13,1,32,32,0,32,0,13,1,1,'00:32:25'),(61,193,35,1,26,35,1,35,1,35,1,1,'00:45:18'),(62,194,34,0,27,34,0,27,1,27,1,1,'00:39:50'),(64,195,20,0,29,29,1,29,1,29,1,1,'00:20:52'),(65,196,24,0,31,31,1,24,0,31,1,1,'00:48:01'),(66,197,4,1,28,28,0,4,1,4,1,1,'00:44:10'),(67,198,27,0,34,27,0,34,1,34,1,1,'00:32:00'),(68,199,29,1,20,20,0,29,1,29,1,1,'00:31:52'),(69,200,20,1,27,20,1,20,1,20,1,1,'00:37:40'),(70,201,34,0,29,29,1,29,1,34,0,1,'00:48:00'),(71,202,34,0,20,20,1,20,1,20,1,1,'00:30:28'),(72,203,27,0,29,29,1,27,0,29,1,1,'00:50:59'),(73,889,20,1,27,27,0,20,1,20,1,1,'00:27:42'),(74,890,34,0,20,34,0,34,0,20,1,1,'00:43:05'),(75,204,28,1,4,28,1,28,1,28,1,1,'00:27:27'),(76,205,31,1,24,24,0,31,1,31,1,1,'00:33:51'),(77,206,31,1,28,28,0,31,1,31,1,1,'00:44:29'),(78,207,24,0,4,24,0,4,1,4,1,1,'00:28:01'),(79,208,24,0,28,28,1,24,0,28,1,1,'00:52:14'),(80,209,4,1,31,31,0,31,0,4,1,1,'00:32:37'),(81,210,35,1,32,32,0,35,1,35,1,1,'00:40:40'),(82,211,13,1,26,13,1,13,1,13,1,1,'00:24:10'),(83,212,32,0,13,32,0,13,1,13,1,1,'00:27:20'),(84,213,26,1,35,35,0,35,0,26,1,1,'00:39:57'),(85,214,26,0,32,32,1,32,1,32,1,1,'00:24:24'),(86,215,35,0,13,35,0,35,0,35,0,1,'00:44:00'),(87,216,35,1,26,35,1,35,1,35,1,1,'00:30:30'),(88,217,33,1,30,33,1,33,1,33,1,1,'00:37:35'),(89,218,1,1,17,1,1,1,1,1,1,1,'00:35:04'),(90,219,33,0,1,1,1,1,1,1,1,1,'00:24:27'),(91,221,17,1,33,33,0,17,1,17,1,1,'00:24:01'),(92,220,17,0,30,30,1,30,1,30,1,1,'00:39:02'),(93,222,30,1,1,1,0,1,0,30,1,1,'00:38:15'),(94,223,29,0,31,29,0,31,1,31,1,1,'00:44:30'),(95,223,29,0,31,29,0,31,1,31,1,2,'00:29:40'),(96,223,31,1,29,31,1,31,1,31,1,3,'00:33:56'),(97,224,30,1,35,30,1,30,1,30,1,1,'00:25:15'),(98,224,35,1,30,30,0,35,1,35,1,2,'00:26:15'),(99,224,30,0,35,35,1,35,1,35,1,3,'00:40:30'),(100,224,35,0,30,30,1,35,0,30,1,4,'00:37:27'),(101,224,30,1,35,30,1,35,0,35,0,5,'00:37:40'),(102,225,20,0,4,20,0,20,0,4,1,1,'00:43:16'),(103,225,20,0,4,20,0,20,0,20,0,2,'00:44:50'),(104,225,20,1,4,4,0,4,0,4,0,3,'00:54:50'),(105,225,20,0,4,20,0,20,0,4,1,4,'00:40:12'),(106,226,13,1,17,17,0,17,0,17,0,1,'00:54:10'),(107,226,17,1,13,17,1,17,1,17,1,2,'00:32:04'),(109,226,13,0,17,13,0,17,1,17,1,3,'00:24:52'),(110,226,17,0,13,13,1,13,1,13,1,4,'00:33:11'),(111,226,13,1,17,17,0,17,0,13,1,5,'00:33:07'),(112,227,4,1,30,4,1,4,1,4,1,1,'00:38:43'),(113,227,30,1,4,30,1,30,1,30,1,2,'00:30:46'),(114,227,4,1,30,4,1,4,1,4,1,3,'00:23:25'),(115,227,30,1,4,4,0,4,0,30,1,4,'00:32:47'),(116,227,4,0,30,30,1,30,1,30,1,5,'00:41:03'),(117,228,13,1,31,13,1,13,1,13,1,1,'00:27:29'),(118,228,31,1,13,31,1,13,0,31,1,2,'00:28:23'),(119,228,13,0,31,31,1,31,1,31,1,3,'00:36:44'),(120,228,31,1,13,31,1,13,0,31,1,4,'00:32:09'),(121,229,31,1,30,31,1,31,1,31,1,1,'00:37:23'),(122,229,31,1,30,30,0,31,1,31,1,2,'00:34:39'),(123,229,31,1,30,30,0,30,0,30,0,3,'00:34:39'),(124,231,39,1,41,41,0,41,0,39,1,1,'00:27:36'),(125,232,37,0,33,33,1,33,1,33,1,1,'00:47:11'),(126,233,40,1,1,1,0,1,0,40,1,1,'00:42:11'),(127,234,31,1,38,31,1,31,1,31,1,1,'00:33:59'),(128,230,28,0,36,28,0,36,1,36,1,1,'00:34:13'),(129,235,26,0,4,4,1,4,1,4,1,1,'00:37:02'),(130,236,30,1,17,30,1,30,1,30,1,1,'00:34:10'),(131,237,32,0,8,32,0,32,0,8,1,1,'00:47:19'),(132,238,26,1,31,26,1,26,1,26,1,1,'00:33:57'),(133,239,4,1,38,4,1,4,1,4,1,1,'00:25:32'),(134,240,37,1,40,37,1,37,1,37,1,1,'00:30:41'),(135,241,1,1,33,1,1,1,1,1,1,1,'00:41:01'),(136,242,36,0,41,41,1,36,0,36,0,1,'00:39:55'),(137,243,39,1,28,28,0,28,0,28,0,1,'00:43:39'),(138,244,32,0,17,32,0,32,0,32,0,1,'01:10:00'),(139,245,8,0,30,8,0,30,1,30,1,1,'00:31:53'),(140,246,38,0,26,38,0,38,0,38,0,1,'00:45:02'),(141,247,4,0,31,31,1,31,1,31,1,1,'00:32:18'),(142,248,33,1,40,33,1,33,1,33,1,1,'00:35:14'),(143,249,1,1,37,1,1,37,0,1,1,1,'00:37:57'),(144,250,41,1,28,41,1,41,1,41,1,1,'00:40:24'),(145,251,39,0,36,36,1,36,1,36,1,1,'00:36:34'),(146,252,30,0,32,32,1,32,1,32,1,1,'00:41:36'),(147,253,17,1,8,17,1,17,1,17,1,1,'00:38:37'),(148,254,28,0,39,28,0,39,1,39,1,1,'00:35:24'),(149,255,41,1,36,41,1,41,1,41,1,1,'00:30:02'),(150,256,36,1,28,36,1,36,1,36,1,1,'00:36:17'),(151,257,41,1,39,41,1,39,0,41,1,1,'01:06:20'),(152,258,28,1,41,41,0,41,0,28,1,1,'00:36:42'),(153,259,39,1,36,39,1,39,1,39,1,1,'00:37:46'),(154,260,39,1,41,39,1,39,1,39,1,1,'00:29:22'),(155,261,1,1,40,1,1,1,1,1,1,1,'00:34:41');

/*Table structure for table `game_list` */

DROP TABLE IF EXISTS `game_list`;

CREATE TABLE `game_list` (
  `id` int(11) NOT NULL AUTO_INCREMENT COMMENT '每一场比赛的最终结果',
  `date` date DEFAULT '2018-09-16' COMMENT '比赛日期',
  `match` int(11) DEFAULT '1' COMMENT '赛事id',
  `win` int(11) DEFAULT '1' COMMENT '获胜方id',
  `lose` int(11) DEFAULT '1' COMMENT '失败方id',
  `net_score` int(2) DEFAULT '0' COMMENT '净胜分数',
  `type` int(11) DEFAULT NULL COMMENT '赛事类型match_type表',
  `total_score` int(2) DEFAULT NULL COMMENT '两方比分之和',
  `process` int(3) DEFAULT NULL COMMENT '比赛走势,每一局的输赢 process_list表',
  `home` int(11) DEFAULT NULL COMMENT '主场战队id/暂不分析',
  PRIMARY KEY (`id`)
) ENGINE=InnoDB AUTO_INCREMENT=891 DEFAULT CHARSET=utf8mb4 COLLATE=utf8mb4_unicode_ci;

/*Data for the table `game_list` */

insert  into `game_list`(`id`,`date`,`match`,`win`,`lose`,`net_score`,`type`,`total_score`,`process`,`home`) values (1,'2018-06-11',1,3,5,1,1,3,3,NULL),(2,'2018-06-11',1,8,9,1,1,3,3,NULL),(3,'2018-06-12',1,14,12,1,1,3,3,NULL),(4,'2018-06-12',1,2,10,2,1,2,1,NULL),(5,'2018-06-13',1,3,7,2,1,2,1,NULL),(6,'2018-06-13',1,5,8,1,1,3,2,NULL),(7,'2018-06-15',1,6,9,1,1,3,3,NULL),(8,'2018-06-15',1,12,11,2,1,2,1,NULL),(9,'2018-06-16',1,6,7,2,1,2,1,NULL),(10,'2018-06-16',1,2,14,2,1,2,1,NULL),(11,'2018-06-16',1,10,13,2,1,2,1,NULL),(12,'2018-06-17',1,1,11,1,1,3,3,NULL),(13,'2018-06-17',1,12,13,1,1,3,2,NULL),(14,'2018-06-17',1,5,4,1,1,3,2,NULL),(15,'2018-06-18',1,6,8,2,1,2,1,NULL),(16,'2018-06-18',1,4,7,2,1,2,1,NULL),(17,'2018-06-19',1,11,13,1,1,3,3,NULL),(18,'2018-06-19',1,1,14,2,1,2,1,NULL),(19,'2018-06-20',1,3,9,2,1,2,1,NULL),(20,'2018-06-20',1,4,6,2,1,2,1,NULL),(21,'2018-06-22',1,2,12,2,1,2,1,NULL),(22,'2018-06-22',1,13,14,1,1,3,2,NULL),(23,'2018-06-23',1,9,7,1,1,3,2,NULL),(24,'2018-06-23',1,5,6,1,1,3,3,NULL),(25,'2018-06-23',1,4,8,2,1,2,1,NULL),(26,'2018-06-24',1,14,10,2,1,2,1,NULL),(27,'2018-06-24',1,1,13,2,1,2,1,NULL),(28,'2018-06-24',1,2,11,2,1,2,1,NULL),(29,'2018-06-25',1,5,7,1,1,3,2,NULL),(30,'2018-06-25',1,3,6,1,1,3,3,NULL),(31,'2018-06-26',1,10,11,1,1,3,3,NULL),(32,'2018-06-26',1,12,1,2,1,2,1,NULL),(33,'2018-06-27',1,4,9,2,1,2,1,NULL),(34,'2018-06-27',1,3,8,2,1,2,1,NULL),(35,'2018-06-29',1,1,10,2,1,2,1,NULL),(36,'2018-06-29',1,2,13,2,1,2,1,NULL),(37,'2018-06-30',1,7,8,1,1,3,3,NULL),(38,'2018-06-30',1,5,9,1,1,2,1,NULL),(39,'2018-06-30',1,4,3,1,1,3,2,NULL),(40,'2018-07-01',1,11,14,2,1,2,1,NULL),(41,'2018-07-01',1,10,12,2,1,2,1,NULL),(42,'2018-07-01',1,1,2,2,1,2,1,NULL),(43,'2018-07-13',1,8,10,1,1,3,3,NULL),(44,'2018-07-13',1,4,14,2,1,2,1,NULL),(45,'2018-07-14',1,12,7,2,1,2,1,NULL),(46,'2018-07-14',1,3,11,2,1,2,1,NULL),(47,'2018-07-14',1,2,6,1,1,3,3,NULL),(48,'2018-07-15',1,5,13,1,1,3,3,NULL),(49,'2018-07-15',1,14,9,1,1,3,2,NULL),(50,'2018-07-15',1,4,1,1,1,3,2,NULL),(51,'2018-07-16',1,7,10,1,1,3,2,NULL),(52,'2018-07-16',1,12,8,1,1,3,2,NULL),(53,'2018-07-17',1,1,9,2,1,2,1,NULL),(54,'2018-07-17',1,5,11,1,1,3,2,NULL),(55,'2018-07-18',1,6,14,1,1,3,2,NULL),(56,'2018-07-18',1,3,13,1,1,3,2,NULL),(57,'2018-07-20',1,5,2,1,1,3,3,NULL),(58,'2018-07-20',1,11,4,1,1,3,3,NULL),(59,'2018-07-21',1,3,10,1,1,3,3,NULL),(60,'2018-07-21',1,1,6,2,1,2,1,NULL),(61,'2018-07-22',1,12,9,2,1,2,1,NULL),(62,'2018-07-22',1,7,13,2,1,2,1,NULL),(63,'2018-07-22',1,2,4,2,1,2,1,NULL),(64,'2018-07-23',1,10,5,1,1,3,3,NULL),(65,'2018-07-23',1,8,1,2,1,2,1,NULL),(66,'2018-07-24',1,13,6,2,1,2,1,NULL),(67,'2018-07-24',1,7,14,2,1,2,1,NULL),(68,'2018-07-25',1,3,12,1,1,3,3,NULL),(69,'2018-07-25',1,2,8,1,1,3,3,NULL),(70,'2018-07-27',1,11,9,1,1,3,3,NULL),(71,'2018-07-27',1,4,13,2,1,2,1,NULL),(72,'2018-07-28',1,14,8,2,1,2,1,NULL),(73,'2018-07-28',1,2,7,2,1,2,1,NULL),(74,'2018-07-28',1,3,1,1,1,3,2,NULL),(75,'2018-07-29',1,6,11,2,1,2,1,NULL),(76,'2018-07-29',1,5,12,2,1,2,1,NULL),(77,'2018-07-29',1,4,10,2,1,2,1,NULL),(78,'2018-07-30',1,8,11,2,1,2,1,NULL),(79,'2018-07-30',1,2,9,2,1,2,1,NULL),(80,'2018-07-31',1,6,12,2,1,2,1,NULL),(81,'2018-07-31',1,3,14,1,1,3,2,NULL),(82,'2018-08-01',1,4,7,2,1,2,1,NULL),(83,'2018-08-01',1,10,9,2,1,2,1,NULL),(84,'2018-08-01',1,5,1,1,1,3,3,NULL),(85,'2018-08-02',1,2,1,2,1,2,1,NULL),(86,'2018-08-03',1,7,11,2,1,2,1,NULL),(87,'2018-08-03',1,8,13,1,1,3,2,NULL),(88,'2018-08-04',1,4,12,1,1,3,2,NULL),(89,'2018-08-04',1,10,6,1,1,3,3,NULL),(90,'2018-08-04',1,3,2,1,1,3,3,NULL),(91,'2018-08-05',1,13,9,1,1,3,2,NULL),(92,'2018-08-05',1,7,1,1,1,3,3,NULL),(93,'2018-08-05',1,5,14,2,1,2,1,NULL),(94,'2018-08-06',1,10,13,1,1,3,2,NULL),(95,'2018-08-06',1,11,14,2,1,2,1,NULL),(96,'2018-08-07',1,3,8,2,1,2,1,NULL),(97,'2018-08-07',1,6,4,2,1,2,1,NULL),(98,'2018-08-08',1,10,1,1,1,3,2,NULL),(99,'2018-08-08',1,14,13,1,1,3,2,NULL),(100,'2018-08-10',1,5,8,2,1,2,1,NULL),(101,'2018-08-10',1,4,9,1,1,3,2,NULL),(102,'2018-08-11',1,11,10,2,1,2,1,NULL),(103,'2018-08-11',1,1,13,2,1,2,1,NULL),(104,'2018-08-11',1,2,14,1,1,3,2,NULL),(105,'2018-08-12',1,7,9,2,1,2,1,NULL),(106,'2018-08-12',1,6,5,1,1,3,3,NULL),(107,'2018-08-12',1,3,4,2,1,2,1,NULL),(108,'2018-08-13',1,1,14,2,1,2,1,NULL),(109,'2018-08-13',1,13,11,2,1,2,1,NULL),(110,'2018-08-14',1,4,8,1,1,3,3,NULL),(111,'2018-08-14',1,6,7,2,1,2,1,NULL),(112,'2018-08-15',1,2,10,2,1,2,1,NULL),(113,'2018-08-17',1,5,9,2,1,2,1,NULL),(114,'2018-08-17',1,3,7,1,1,3,2,NULL),(115,'2018-08-18',1,11,12,2,1,2,1,NULL),(116,'2018-08-19',1,3,9,2,1,2,1,NULL),(117,'2018-08-19',1,12,14,1,1,3,3,NULL),(118,'2018-08-21',1,2,12,1,1,3,3,NULL),(119,'2018-08-21',1,8,6,1,1,3,3,NULL),(120,'2018-08-22',1,10,14,2,1,2,1,NULL),(121,'2018-08-24',1,6,9,2,1,2,1,NULL),(122,'2018-08-24',1,3,5,2,1,2,1,NULL),(123,'2018-08-25',1,7,8,2,1,2,1,NULL),(124,'2018-08-25',1,11,2,1,1,3,3,NULL),(125,'2018-08-25',1,10,12,1,1,3,2,NULL),(126,'2018-08-26',1,9,8,1,1,3,3,NULL),(127,'2018-08-26',1,3,6,1,1,3,2,NULL),(128,'2018-08-26',1,7,5,2,1,2,1,NULL),(129,'2018-09-01',1,1,11,1,1,3,3,NULL),(130,'2018-09-01',1,13,12,2,1,2,1,NULL),(131,'2018-09-02',1,1,12,1,1,3,2,NULL),(132,'2018-09-02',1,13,2,1,1,3,2,NULL),(133,'2018-09-02',1,4,5,1,1,3,2,NULL),(134,'2018-09-05',1,10,6,1,2,5,10,NULL),(135,'2018-09-06',1,5,11,2,2,4,5,NULL),(136,'2018-09-07',1,4,10,2,2,4,6,NULL),(138,'2018-09-08',1,5,1,2,2,4,5,NULL),(139,'2018-09-09',1,4,2,2,2,4,7,NULL),(140,'2018-09-10',1,3,5,1,2,5,9,NULL),(141,'2018-09-12',1,5,2,3,2,3,4,NULL),(142,'2018-09-14',1,4,3,1,2,5,8,NULL),(143,'2018-09-15',1,1,5,1,3,5,13,NULL),(144,'2018-09-16',1,1,2,2,3,4,7,NULL),(145,'2017-09-23',2,13,16,1,4,1,16,NULL),(146,'2017-09-23',2,17,18,1,4,1,16,NULL),(147,'2017-09-23',2,16,15,1,4,1,16,NULL),(148,'2017-09-23',2,17,19,1,4,1,16,NULL),(149,'2017-09-23',2,13,15,1,4,1,16,NULL),(150,'2017-09-23',2,19,18,1,4,1,16,NULL),(151,'2017-09-24',2,17,18,1,4,1,16,NULL),(152,'2017-09-24',2,13,16,1,4,1,16,NULL),(153,'2017-09-24',2,17,19,1,4,1,16,NULL),(154,'2017-09-24',2,16,15,1,4,1,16,NULL),(155,'2017-09-24',2,18,19,1,4,1,16,NULL),(156,'2017-09-24',2,13,15,1,4,1,16,NULL),(157,'2017-09-25',2,22,21,1,4,1,16,NULL),(158,'2017-09-25',2,23,25,1,4,1,16,NULL),(159,'2017-09-25',2,20,22,1,4,1,16,NULL),(160,'2017-09-25',2,24,23,1,4,1,16,NULL),(161,'2017-09-25',2,20,21,1,4,1,16,NULL),(162,'2017-09-25',2,24,25,1,4,1,16,NULL),(163,'2017-09-26',2,23,25,1,4,1,16,NULL),(164,'2017-09-26',2,21,22,1,4,1,16,NULL),(165,'2017-09-26',2,24,25,1,4,1,16,NULL),(166,'2017-09-26',2,20,22,1,4,1,16,NULL),(167,'2017-09-26',2,23,24,1,4,1,16,NULL),(168,'2017-09-26',2,21,20,1,4,1,16,NULL),(169,'2017-09-26',2,24,23,1,4,1,16,NULL),(170,'2017-09-28',2,17,16,3,5,3,4,NULL),(171,'2017-09-28',2,20,23,3,5,3,4,NULL),(172,'2017-09-29',2,24,18,2,5,4,6,NULL),(173,'2017-09-29',2,13,21,3,5,3,4,NULL),(174,'2017-10-05',2,4,24,1,6,1,16,NULL),(175,'2017-10-05',2,31,28,1,6,1,16,NULL),(176,'2017-10-05',2,29,27,1,6,1,16,NULL),(177,'2017-10-05',2,34,20,1,6,1,16,NULL),(178,'2017-10-05',2,30,17,1,6,1,16,NULL),(179,'2017-10-05',2,33,1,1,6,1,16,NULL),(180,'2017-10-06',2,26,32,1,6,1,16,NULL),(181,'2017-10-06',2,13,35,1,6,1,16,NULL),(182,'2017-10-06',2,27,20,1,6,1,16,NULL),(183,'2017-10-06',2,29,34,1,6,1,16,NULL),(184,'2017-10-06',2,17,33,1,6,1,16,NULL),(185,'2017-10-06',2,30,1,1,6,1,16,NULL),(186,'2017-10-07',2,26,13,1,6,1,16,NULL),(187,'2017-10-07',2,35,32,1,6,1,16,NULL),(188,'2017-10-07',2,28,24,1,6,1,16,NULL),(189,'2017-10-07',2,4,31,1,6,1,16,NULL),(190,'2017-10-07',2,30,33,1,6,1,16,NULL),(191,'2017-10-07',2,17,1,1,6,1,16,NULL),(192,'2017-10-08',2,13,32,1,6,1,16,NULL),(193,'2017-10-08',2,35,26,1,6,1,16,NULL),(194,'2017-10-08',2,27,34,1,6,1,16,NULL),(195,'2017-10-08',2,29,20,1,6,1,16,NULL),(196,'2017-10-08',2,31,24,1,6,1,16,NULL),(197,'2017-10-08',2,4,28,1,6,1,16,NULL),(198,'2017-10-12',2,34,27,1,6,1,16,NULL),(199,'2017-10-12',2,29,20,1,6,1,16,NULL),(200,'2017-10-12',2,20,27,1,6,1,16,NULL),(201,'2017-10-12',2,29,34,1,6,1,16,NULL),(202,'2017-10-12',2,20,34,1,6,1,16,NULL),(203,'2017-10-12',2,29,27,1,6,1,16,NULL),(204,'2017-10-13',2,28,4,1,6,1,16,NULL),(205,'2017-10-13',2,31,24,1,6,1,16,NULL),(206,'2017-10-13',2,31,28,1,6,1,16,NULL),(207,'2017-10-13',2,4,24,1,6,1,16,NULL),(208,'2017-10-13',2,28,24,1,6,1,16,NULL),(209,'2017-10-13',2,4,31,1,6,1,16,NULL),(210,'2017-10-14',2,35,32,1,6,1,16,NULL),(211,'2017-10-14',2,13,26,1,6,1,16,NULL),(212,'2017-10-14',2,13,32,1,6,1,16,NULL),(213,'2017-10-14',2,26,35,1,6,1,16,NULL),(214,'2017-10-14',2,32,26,1,6,1,16,NULL),(215,'2017-10-14',2,13,35,1,6,1,16,NULL),(216,'2017-10-14',2,35,26,1,6,1,16,NULL),(217,'2017-10-15',2,33,30,1,6,1,16,NULL),(218,'2017-10-15',2,1,17,1,6,1,16,NULL),(219,'2017-10-15',2,1,33,1,6,1,16,NULL),(220,'2017-10-15',2,30,17,1,6,1,16,NULL),(221,'2017-10-15',2,17,33,1,6,1,16,NULL),(222,'2017-10-15',2,30,1,1,6,1,16,NULL),(223,'2017-10-19',2,31,29,3,7,3,4,NULL),(224,'2017-10-20',2,30,35,1,7,5,10,NULL),(225,'2017-10-21',2,4,20,2,7,4,5,NULL),(226,'2017-10-22',2,13,17,1,7,5,10,NULL),(227,'2017-10-28',2,30,4,1,7,5,12,NULL),(228,'2017-10-29',2,31,13,2,7,4,7,NULL),(229,'2017-11-04',2,31,30,3,7,3,4,NULL),(230,'2016-09-30',3,36,28,1,8,1,16,NULL),(231,'2016-09-30',3,39,41,1,8,1,16,NULL),(232,'2016-09-30',3,33,37,1,8,1,16,NULL),(233,'2016-09-30',3,40,1,1,8,1,16,NULL),(234,'2016-09-30',3,31,38,1,8,1,16,NULL),(235,'2016-09-30',3,4,26,1,8,1,16,NULL),(236,'2016-10-01',3,30,17,1,8,1,16,NULL),(237,'2016-10-01',3,8,32,1,8,1,16,NULL),(238,'2016-10-01',3,26,31,1,8,1,16,NULL),(239,'2016-10-01',3,4,38,1,8,1,16,NULL),(240,'2016-10-01',3,37,40,1,8,1,16,NULL),(241,'2016-10-01',3,1,33,1,8,1,16,NULL),(242,'2016-10-02',3,41,36,1,8,1,16,NULL),(243,'2016-10-02',3,39,28,1,8,1,16,NULL),(244,'2016-10-02',3,17,32,1,8,1,16,NULL),(245,'2016-10-02',3,30,8,1,8,1,16,NULL),(246,'2016-10-02',3,26,38,1,8,1,16,NULL),(247,'2016-10-02',3,31,4,1,8,1,16,NULL),(248,'2016-10-03',3,33,40,1,8,1,16,NULL),(249,'2016-10-03',3,1,37,1,8,1,16,NULL),(250,'2016-10-03',3,41,28,1,8,1,16,NULL),(251,'2016-10-03',3,36,39,1,8,1,16,NULL),(252,'2016-10-03',3,32,30,1,8,1,16,NULL),(253,'2016-10-03',3,17,8,1,8,1,16,NULL),(254,'2016-10-07',3,39,28,1,8,1,16,NULL),(255,'2016-10-07',3,41,36,1,8,1,16,NULL),(256,'2016-10-07',3,36,28,1,8,1,16,NULL),(257,'2016-10-07',3,41,39,1,8,1,16,NULL),(258,'2016-10-07',3,28,41,1,8,1,16,NULL),(259,'2016-10-07',3,39,36,1,8,1,16,NULL),(260,'2016-10-07',3,39,41,1,8,1,16,NULL),(261,'2016-10-08',3,1,40,1,8,1,16,NULL),(262,'2016-10-08',3,37,33,1,8,1,16,NULL),(263,'2016-10-08',3,37,1,1,8,1,16,NULL),(264,'2016-10-08',3,33,40,1,8,1,16,NULL),(265,'2016-10-08',3,37,40,1,8,1,16,NULL),(266,'2016-10-08',3,1,33,1,8,1,16,NULL),(267,'2016-10-09',3,31,26,1,8,1,16,NULL),(268,'2016-10-09',3,38,4,1,8,1,16,NULL),(269,'2016-10-09',3,31,4,1,8,1,16,NULL),(270,'2016-10-09',3,31,38,1,8,1,16,NULL),(271,'2016-10-09',3,4,26,1,8,1,16,NULL),(272,'2016-10-10',3,8,32,1,8,1,16,NULL),(273,'2016-10-10',3,30,17,1,8,1,16,NULL),(274,'2016-10-10',3,32,17,1,8,1,16,NULL),(275,'2016-10-10',3,30,8,1,8,1,16,NULL),(276,'2016-10-10',3,17,8,1,8,1,16,NULL),(277,'2016-10-10',3,30,32,1,8,1,16,NULL),(278,'2016-10-14',3,31,17,3,9,3,4,NULL),(279,'2016-10-15',3,30,4,2,9,4,7,NULL),(280,'2016-10-16',3,39,1,2,9,4,5,NULL),(281,'2016-10-17',3,37,41,3,9,3,4,NULL),(282,'2016-10-22',3,30,39,1,9,5,10,NULL),(283,'2016-10-23',3,31,37,3,9,3,4,NULL),(284,'2016-10-30',3,30,31,1,9,5,8,NULL),(285,'2018-03-03',5,44,47,1,10,3,3,NULL),(286,'2018-03-03',5,48,45,2,10,2,1,NULL),(287,'2018-03-03',5,51,50,2,10,2,1,NULL),(288,'2018-03-03',5,60,67,1,10,3,3,NULL),(289,'2018-03-04',5,68,58,1,10,3,3,NULL),(290,'2018-03-04',5,43,54,1,10,3,2,NULL),(291,'2018-03-04',5,61,63,2,10,2,1,NULL),(292,'2018-03-04',5,53,52,2,10,2,1,NULL),(293,'2018-03-05',5,57,49,2,10,2,1,NULL),(294,'2018-03-05',5,71,66,2,10,2,1,NULL),(295,'2018-03-05',5,42,64,1,10,3,2,NULL),(296,'2018-03-05',5,46,72,2,10,2,1,NULL),(297,'2018-03-05',5,65,73,2,10,2,1,NULL),(298,'2018-03-05',5,56,70,2,10,2,1,NULL),(299,'2018-03-05',5,62,69,2,10,2,1,NULL),(300,'2018-03-05',5,59,55,1,10,3,2,NULL),(301,'2018-03-09',5,60,53,1,10,3,2,NULL),(302,'2018-03-09',5,52,67,2,10,2,1,NULL),(303,'2018-03-09',5,50,61,2,10,2,1,NULL),(304,'2018-03-09',5,51,63,2,10,2,1,NULL),(305,'2018-03-09',5,43,48,1,10,3,3,NULL),(306,'2018-03-09',5,54,45,1,10,3,2,NULL),(307,'2018-03-09',5,44,58,2,10,2,1,NULL),(308,'2018-03-09',5,47,68,1,10,3,3,NULL),(309,'2018-03-10',5,49,71,1,10,3,3,NULL),(310,'2018-03-10',5,57,66,2,10,2,1,NULL),(311,'2018-03-10',5,42,46,2,10,2,1,NULL),(312,'2018-03-10',5,72,64,1,10,3,2,NULL),(313,'2018-03-10',5,62,59,2,10,2,1,NULL),(314,'2018-03-10',5,55,69,2,10,2,1,NULL),(315,'2018-03-10',5,56,65,2,10,2,1,NULL),(316,'2018-03-10',5,70,73,2,10,2,1,NULL),(317,'2018-03-11',5,52,60,2,10,2,1,NULL),(318,'2018-03-11',5,67,53,1,10,3,3,NULL),(319,'2018-03-11',5,51,61,2,10,2,1,NULL),(320,'2018-03-11',5,44,68,2,10,2,1,NULL),(321,'2018-03-11',5,47,58,1,10,3,3,NULL),(322,'2018-03-11',5,54,48,2,10,2,1,NULL),(323,'2018-03-11',5,43,45,1,10,3,3,NULL),(324,'2018-03-12',5,49,66,2,10,2,1,NULL),(325,'2018-03-12',5,57,71,2,10,2,1,NULL),(326,'2018-03-12',5,65,70,1,10,3,3,NULL),(327,'2018-03-12',5,56,73,2,10,2,1,NULL),(328,'2018-03-12',5,42,72,1,10,3,2,NULL),(329,'2018-03-12',5,46,64,2,10,2,1,NULL),(330,'2018-03-12',5,62,55,1,10,3,3,NULL),(331,'2018-03-12',5,59,69,1,10,3,2,NULL),(332,'2018-03-16',5,63,71,2,10,2,1,NULL),(333,'2018-03-16',5,66,50,2,10,2,1,NULL),(334,'2018-03-16',5,46,52,1,10,3,3,NULL),(335,'2018-03-16',5,60,72,2,10,2,1,NULL),(336,'2018-03-16',5,54,56,2,10,2,1,NULL),(337,'2018-03-16',5,48,70,2,10,2,1,NULL),(338,'2018-03-16',5,68,59,1,10,3,2,NULL),(339,'2018-03-16',5,44,55,1,10,3,2,NULL),(340,'2018-03-17',5,64,67,2,10,2,1,NULL),(341,'2018-03-17',5,51,57,2,10,2,1,NULL),(342,'2018-03-17',5,45,73,2,10,2,1,NULL),(343,'2018-03-17',5,47,69,1,10,3,3,NULL),(344,'2018-03-18',5,42,60,2,10,2,1,NULL),(345,'2018-03-18',5,48,65,2,10,2,1,NULL),(346,'2018-03-18',5,50,49,2,10,2,1,NULL),(347,'2018-03-18',5,44,62,2,10,2,1,NULL),(348,'2018-03-19',5,66,63,2,10,2,1,NULL),(349,'2018-03-19',5,61,57,2,10,2,1,NULL),(350,'2018-03-19',5,55,68,1,10,3,3,NULL),(351,'2018-03-19',5,69,58,2,10,2,1,NULL),(352,'2018-03-19',5,52,72,1,10,3,3,NULL),(353,'2018-03-19',5,53,64,1,10,3,3,NULL),(354,'2018-03-19',5,54,70,2,10,2,1,NULL),(355,'2018-03-19',5,43,73,2,10,2,1,NULL),(356,'2018-03-20',5,50,63,1,10,3,3,NULL),(357,'2018-03-23',5,57,51,1,10,3,3,NULL),(358,'2018-03-23',5,61,71,2,10,2,1,NULL),(359,'2018-03-23',5,45,73,2,10,2,1,NULL),(360,'2018-03-23',5,43,56,1,10,3,3,NULL),(361,'2018-03-23',5,64,67,1,10,3,2,NULL),(362,'2018-03-23',5,53,46,2,10,2,1,NULL),(363,'2018-03-23',5,47,69,1,10,3,3,NULL),(364,'2018-03-23',5,59,58,1,10,3,2,NULL),(365,'2018-03-24',5,42,60,1,10,3,2,NULL),(366,'2018-03-24',5,49,50,1,10,3,2,NULL),(367,'2018-03-24',5,48,65,2,10,2,1,NULL),(368,'2018-03-24',5,47,59,1,10,3,3,NULL),(369,'2018-03-24',5,44,62,2,10,2,1,NULL),(370,'2018-03-25',5,57,63,2,10,2,1,NULL),(371,'2018-03-25',5,52,64,2,10,2,1,NULL),(372,'2018-03-25',5,62,58,1,10,3,3,NULL),(373,'2018-03-25',5,68,69,1,10,3,2,NULL),(374,'2018-03-25',5,54,73,2,10,2,1,NULL),(375,'2018-03-26',5,51,71,1,10,3,3,NULL),(376,'2018-03-26',5,61,49,1,10,3,3,NULL),(377,'2018-03-26',5,56,45,2,10,2,1,NULL),(378,'2018-03-26',5,43,65,1,10,3,3,NULL),(379,'2018-03-26',5,46,67,1,10,3,2,NULL),(380,'2018-03-26',5,42,53,1,10,3,3,NULL),(381,'2018-03-30',5,50,71,2,10,2,1,NULL),(382,'2018-03-30',5,66,63,1,10,3,2,NULL),(383,'2018-03-30',5,56,48,2,10,2,1,NULL),(384,'2018-03-30',5,70,54,2,10,2,1,NULL),(385,'2018-03-30',5,59,44,2,10,2,1,NULL),(386,'2018-03-30',5,55,68,2,10,2,1,NULL),(387,'2018-03-30',5,60,46,1,10,3,3,NULL),(388,'2018-03-30',5,52,72,2,10,2,1,NULL),(389,'2018-03-31',5,45,65,2,10,2,1,NULL),(390,'2018-03-31',5,42,67,1,10,3,3,NULL),(391,'2018-03-31',5,49,51,2,10,2,1,NULL),(392,'2018-03-31',5,47,62,2,10,2,1,NULL),(393,'2018-04-01',5,57,71,2,10,2,1,NULL),(394,'2018-04-01',5,46,64,1,10,3,3,NULL),(395,'2018-04-01',5,56,73,2,10,2,1,NULL),(396,'2018-04-01',5,69,59,2,10,2,1,NULL),(397,'2018-04-02',5,43,45,2,10,2,1,NULL),(398,'2018-04-02',5,48,54,1,10,3,2,NULL),(399,'2018-04-02',5,51,61,2,10,2,1,NULL),(400,'2018-04-02',5,63,50,2,10,2,1,NULL),(401,'2018-04-02',5,47,58,1,10,3,3,NULL),(402,'2018-04-02',5,44,68,2,10,2,1,NULL),(403,'2018-04-02',5,67,53,2,10,2,1,NULL),(404,'2018-04-02',5,60,52,2,10,2,1,NULL),(405,'2018-04-06',5,65,73,2,10,2,1,NULL),(406,'2018-04-06',5,56,70,1,10,3,3,NULL),(407,'2018-04-06',5,55,59,2,10,2,1,NULL),(408,'2018-04-06',5,49,57,1,10,3,3,NULL),(409,'2018-04-06',5,66,71,1,10,3,2,NULL),(410,'2018-04-06',5,64,42,1,10,3,2,NULL),(411,'2018-04-06',5,46,72,2,10,2,1,NULL),(412,'2018-04-07',5,48,45,2,10,2,1,NULL),(413,'2018-04-07',5,60,67,2,10,2,1,NULL),(414,'2018-04-07',5,47,44,1,10,3,3,NULL),(415,'2018-04-07',5,50,51,1,10,3,3,NULL),(416,'2018-04-08',5,54,43,1,10,3,3,NULL),(417,'2018-04-08',5,52,53,2,10,2,1,NULL),(418,'2018-04-08',5,63,61,2,10,2,1,NULL),(419,'2018-04-08',5,58,68,1,10,3,2,NULL),(420,'2018-04-09',5,66,57,2,10,2,1,NULL),(421,'2018-04-09',5,71,49,1,10,3,2,NULL),(422,'2018-04-09',5,72,64,1,10,3,3,NULL),(423,'2018-04-09',5,42,46,2,10,2,1,NULL),(424,'2018-04-09',5,55,69,1,10,3,3,NULL),(425,'2018-04-09',5,70,73,2,10,2,1,NULL),(426,'2018-04-09',5,65,56,1,10,3,2,NULL),(427,'2018-04-13',5,50,61,1,10,3,3,NULL),(428,'2018-04-13',5,63,51,2,10,2,1,NULL),(429,'2018-04-13',5,53,60,1,10,3,3,NULL),(430,'2018-04-13',5,52,67,1,10,3,3,NULL),(431,'2018-04-13',5,44,58,1,10,3,2,NULL),(432,'2018-04-13',5,47,68,2,10,2,1,NULL),(433,'2018-04-13',5,43,48,2,10,2,1,NULL),(434,'2018-04-13',5,45,54,2,10,2,1,NULL),(435,'2018-04-14',5,55,62,2,10,2,1,NULL),(436,'2018-04-14',5,42,72,2,10,2,1,NULL),(437,'2018-04-14',5,66,49,1,10,3,2,NULL),(438,'2018-04-14',5,70,65,1,10,3,3,NULL),(439,'2018-04-15',5,69,58,1,10,3,3,NULL),(440,'2018-04-15',5,43,73,2,10,2,1,NULL),(441,'2018-04-15',5,53,64,2,10,2,1,NULL),(442,'2018-04-15',5,61,57,1,10,3,2,NULL),(443,'2018-04-16',5,60,72,1,10,3,3,NULL),(444,'2018-04-16',5,42,52,2,10,2,1,NULL),(445,'2018-04-16',5,50,66,2,10,2,1,NULL),(446,'2018-04-16',5,49,63,2,10,2,1,NULL),(447,'2018-04-16',5,55,44,1,10,3,2,NULL),(448,'2018-04-16',5,68,62,2,10,2,1,NULL),(449,'2018-04-16',5,48,70,1,10,3,3,NULL),(450,'2018-04-16',5,54,65,2,10,2,1,NULL),(451,'2018-04-20',5,51,66,1,10,3,2,NULL),(452,'2018-04-20',5,49,61,2,10,2,1,NULL),(453,'2018-04-20',5,67,72,2,10,2,1,NULL),(454,'2018-04-20',5,42,53,1,10,3,2,NULL),(455,'2018-04-20',5,47,55,2,10,2,1,NULL),(456,'2018-04-20',5,58,62,1,10,3,3,NULL),(457,'2018-04-20',5,45,70,2,10,2,1,NULL),(458,'2018-04-20',5,65,43,2,10,2,1,NULL),(459,'2018-04-21',5,59,68,1,10,3,2,NULL),(460,'2018-04-21',5,44,69,1,10,3,2,NULL),(461,'2018-04-21',5,46,52,1,10,3,3,NULL),(462,'2018-04-21',5,60,64,1,10,3,2,NULL),(463,'2018-04-21',5,63,71,2,10,2,1,NULL),(464,'2018-04-21',5,56,54,1,10,3,3,NULL),(465,'2018-04-21',5,48,73,2,10,2,1,NULL),(466,'2018-04-22',5,66,61,2,10,2,1,NULL),(467,'2018-04-22',5,49,51,2,10,2,1,NULL),(468,'2018-04-22',5,58,55,2,10,2,1,NULL),(469,'2018-04-22',5,62,47,1,10,3,2,NULL),(470,'2018-04-22',5,53,72,1,10,3,3,NULL),(471,'2018-04-22',5,42,67,2,10,2,1,NULL),(472,'2018-04-22',5,43,70,2,10,2,1,NULL),(473,'2018-04-22',5,45,65,2,10,2,1,NULL),(474,'2018-04-23',5,59,44,1,10,3,3,NULL),(475,'2018-04-23',5,68,69,1,10,3,3,NULL),(476,'2018-04-23',5,71,50,1,10,3,3,NULL),(477,'2018-04-23',5,57,63,1,10,3,3,NULL),(478,'2018-04-23',5,46,60,2,10,2,1,NULL),(479,'2018-04-23',5,52,64,1,10,3,2,NULL),(480,'2018-04-23',5,56,48,1,10,3,3,NULL),(481,'2018-04-23',5,54,73,2,10,2,1,NULL),(482,'2018-04-27',5,51,71,2,10,2,1,NULL),(483,'2018-04-27',5,66,61,2,10,2,1,NULL),(484,'2018-04-27',5,47,59,1,10,3,3,NULL),(485,'2018-04-27',5,58,55,2,10,2,1,NULL),(486,'2018-04-27',5,46,67,2,10,2,1,NULL),(487,'2018-04-27',5,53,72,2,10,2,1,NULL),(488,'2018-04-27',5,45,56,1,10,3,3,NULL),(489,'2018-04-27',5,43,70,1,10,3,2,NULL),(490,'2018-04-28',5,49,63,2,10,2,1,NULL),(491,'2018-04-28',5,50,57,1,10,3,2,NULL),(492,'2018-04-28',5,42,52,1,10,3,2,NULL),(493,'2018-04-28',5,64,60,2,10,2,1,NULL),(494,'2018-04-28',5,62,68,1,10,3,2,NULL),(495,'2018-04-28',5,44,69,2,10,2,1,NULL),(496,'2018-04-28',5,65,54,2,10,2,1,NULL),(497,'2018-04-28',5,48,73,2,10,2,1,NULL),(498,'2018-04-29',5,67,72,2,10,2,1,NULL),(499,'2018-04-29',5,53,46,1,10,3,3,NULL),(500,'2018-04-29',5,66,51,2,10,2,1,NULL),(501,'2018-04-29',5,61,71,2,10,2,1,NULL),(502,'2018-04-29',5,55,47,2,10,2,1,NULL),(503,'2018-04-29',5,58,59,1,10,3,2,NULL),(504,'2018-04-29',5,45,70,1,10,3,3,NULL),(505,'2018-04-29',5,43,56,2,10,2,1,NULL),(506,'2018-05-10',5,49,47,1,11,3,3,NULL),(507,'2018-05-10',5,43,44,2,11,2,1,NULL),(508,'2018-05-11',5,46,50,1,11,3,2,NULL),(509,'2018-05-11',5,42,56,1,11,3,3,NULL),(510,'2018-05-12',5,49,43,1,11,3,3,NULL),(511,'2018-05-12',5,46,42,2,11,2,1,NULL),(512,'2018-05-13',5,46,49,3,12,3,4,NULL),(513,'2018-06-29',4,46,42,2,13,2,1,NULL),(514,'2018-06-29',4,44,47,1,13,3,2,NULL),(515,'2018-06-29',4,43,48,1,13,3,2,NULL),(516,'2018-06-29',4,55,59,2,13,2,1,NULL),(517,'2018-06-29',4,49,57,2,13,2,1,NULL),(518,'2018-06-29',4,56,45,2,13,2,1,NULL),(519,'2018-06-29',4,53,52,1,13,3,2,NULL),(520,'2018-06-30',4,76,54,2,13,2,1,NULL),(521,'2018-06-30',4,77,68,2,13,2,1,NULL),(522,'2018-06-30',4,66,75,1,13,3,2,NULL),(523,'2018-06-30',4,67,64,2,13,2,1,NULL),(524,'2018-06-30',4,79,58,1,13,3,2,NULL),(525,'2018-06-30',4,61,63,1,13,3,3,NULL),(526,'2018-06-30',4,80,74,1,13,3,3,NULL),(527,'2018-07-01',4,59,47,1,13,3,3,NULL),(528,'2018-07-01',4,56,48,1,13,3,2,NULL),(529,'2018-07-01',4,50,57,1,13,3,3,NULL),(530,'2018-07-01',4,42,53,1,13,3,2,NULL),(531,'2018-07-01',4,43,45,2,13,2,1,NULL),(532,'2018-07-01',4,46,52,2,13,2,1,NULL),(533,'2018-07-01',4,44,55,2,13,2,1,NULL),(534,'2018-07-01',4,51,49,2,13,2,1,NULL),(535,'2018-07-12',4,52,80,2,13,2,1,NULL),(536,'2018-07-12',4,55,58,2,13,2,1,NULL),(537,'2018-07-12',4,49,61,2,13,2,1,NULL),(538,'2018-07-12',4,45,78,1,13,3,3,NULL),(539,'2018-07-13',4,79,77,1,13,3,3,NULL),(540,'2018-07-13',4,64,74,2,13,2,1,NULL),(541,'2018-07-13',4,66,63,2,13,2,1,NULL),(542,'2018-07-13',4,76,65,2,13,2,1,NULL),(543,'2018-07-14',4,49,50,2,13,2,1,NULL),(544,'2018-07-14',4,47,55,2,13,2,1,NULL),(545,'2018-07-14',4,42,52,2,13,2,1,NULL),(546,'2018-07-14',4,48,45,2,13,2,1,NULL),(547,'2018-07-14',4,43,56,2,13,2,1,NULL),(548,'2018-07-14',4,51,57,2,13,2,1,NULL),(549,'2018-07-14',4,46,53,1,13,3,2,NULL),(550,'2018-07-14',4,44,59,1,13,3,2,NULL),(551,'2018-07-15',4,79,68,2,13,2,1,NULL),(552,'2018-07-15',4,67,74,2,13,2,1,NULL),(553,'2018-07-15',4,75,63,2,13,2,1,NULL),(554,'2018-07-15',4,54,65,1,13,3,2,NULL),(555,'2018-07-15',4,58,77,2,13,2,1,NULL),(556,'2018-07-15',4,80,64,1,13,3,2,NULL),(557,'2018-07-15',4,61,66,1,13,3,2,NULL),(558,'2018-07-15',4,76,78,1,13,3,2,NULL),(559,'2018-07-19',4,63,57,2,13,2,1,NULL),(560,'2018-07-19',4,53,74,2,13,2,1,NULL),(561,'2018-07-19',4,59,79,2,13,2,1,NULL),(562,'2018-07-19',4,56,65,2,13,2,1,NULL),(563,'2018-07-20',4,75,50,2,13,2,1,NULL),(564,'2018-07-20',4,47,68,2,13,2,1,NULL),(565,'2018-07-20',4,42,67,1,13,3,2,NULL),(566,'2018-07-20',4,48,54,1,13,3,3,NULL),(567,'2018-07-21',4,65,45,1,13,3,2,NULL),(568,'2018-07-21',4,55,79,2,13,2,1,NULL),(569,'2018-07-21',4,49,63,2,13,2,1,NULL),(570,'2018-07-21',4,52,74,1,13,3,2,NULL),(571,'2018-07-21',4,61,57,1,13,3,2,NULL),(572,'2018-07-21',4,53,80,2,13,2,1,NULL),(573,'2018-07-21',4,59,58,2,13,2,1,NULL),(574,'2018-07-22',4,76,48,1,13,3,2,NULL),(575,'2018-07-22',4,47,77,2,13,2,1,NULL),(576,'2018-07-22',4,42,64,2,13,2,1,NULL),(577,'2018-07-22',4,50,66,1,13,3,2,NULL),(578,'2018-07-22',4,67,46,2,13,2,1,NULL),(579,'2018-07-22',4,68,44,2,13,2,1,NULL),(580,'2018-07-22',4,75,51,2,13,2,1,NULL),(581,'2018-07-22',4,43,54,2,13,2,1,NULL),(582,'2018-07-27',4,58,44,2,13,2,1,NULL),(583,'2018-07-27',4,80,46,1,13,3,2,NULL),(584,'2018-07-27',4,43,78,2,13,2,1,NULL),(585,'2018-07-27',4,51,61,1,13,3,3,NULL),(586,'2018-07-28',4,56,65,2,13,2,1,NULL),(587,'2018-07-28',4,53,74,2,13,2,1,NULL),(588,'2018-07-28',4,59,79,2,13,2,1,NULL),(589,'2018-07-28',4,57,63,1,13,3,2,NULL),(590,'2018-07-28',4,48,45,2,13,2,1,NULL),(591,'2018-07-28',4,50,49,2,13,2,1,NULL),(592,'2018-07-28',4,52,42,2,13,2,1,NULL),(593,'2018-07-28',4,55,47,2,13,2,1,NULL),(594,'2018-07-29',4,61,75,1,13,3,2,NULL),(595,'2018-07-29',4,54,78,2,13,2,1,NULL),(596,'2018-07-29',4,68,58,2,13,2,1,NULL),(597,'2018-07-29',4,67,80,1,13,3,2,NULL),(598,'2018-07-29',4,43,76,2,13,2,1,NULL),(599,'2018-07-29',4,46,64,2,13,2,1,NULL),(600,'2018-07-29',4,44,77,2,13,2,1,NULL),(601,'2018-07-29',4,51,66,2,13,2,1,NULL),(602,'2018-08-02',4,53,64,2,13,2,1,NULL),(603,'2018-08-02',4,56,76,2,13,2,1,NULL),(604,'2018-08-02',4,59,77,1,13,3,2,NULL),(605,'2018-08-02',4,57,66,1,13,3,2,NULL),(606,'2018-08-03',4,67,52,1,13,3,2,NULL),(607,'2018-08-03',4,55,68,1,13,3,1,NULL),(608,'2018-08-03',4,45,54,1,13,3,3,NULL),(609,'2018-08-03',4,49,75,1,13,3,3,NULL),(610,'2018-08-04',4,51,63,1,13,3,1,NULL),(611,'2018-08-04',4,46,74,2,13,2,1,NULL),(612,'2018-08-04',4,44,79,2,13,2,1,NULL),(613,'2018-08-04',4,43,65,1,13,3,3,NULL),(614,'2018-08-04',4,47,58,2,13,2,1,NULL),(615,'2018-08-04',4,48,78,2,13,2,1,NULL),(616,'2018-08-04',4,42,80,1,13,3,2,NULL),(617,'2018-08-04',4,61,50,1,13,3,3,NULL),(618,'2018-08-05',4,55,77,1,13,3,3,NULL),(619,'2018-08-05',4,76,45,2,13,2,1,NULL),(620,'2018-08-05',4,64,52,1,13,3,2,NULL),(621,'2018-08-05',4,66,49,1,13,3,2,NULL),(622,'2018-08-05',4,53,67,2,13,2,1,NULL),(623,'2018-08-05',4,68,59,2,13,2,1,NULL),(624,'2018-08-05',4,54,56,1,13,3,3,NULL),(625,'2018-08-05',4,75,57,1,13,3,3,NULL),(626,'2018-08-09',4,50,51,1,13,3,2,NULL),(627,'2018-08-09',4,67,64,2,13,2,1,NULL),(628,'2018-08-09',4,75,66,2,13,2,1,NULL),(629,'2018-08-09',4,76,54,1,13,3,3,NULL),(630,'2018-08-09',4,77,68,1,13,3,2,NULL),(631,'2018-08-10',4,78,65,2,13,2,1,NULL),(632,'2018-08-10',4,80,74,2,13,2,1,NULL),(633,'2018-08-10',4,61,63,1,13,3,3,NULL),(634,'2018-08-10',4,79,58,1,13,3,3,NULL),(635,'2018-08-11',4,43,45,2,13,2,1,NULL),(636,'2018-08-11',4,51,49,2,13,2,1,NULL),(637,'2018-08-11',4,55,44,2,13,2,1,NULL),(638,'2018-08-11',4,52,46,1,13,3,3,NULL),(639,'2018-08-11',4,50,57,1,13,3,3,NULL),(640,'2018-08-11',4,53,42,1,13,3,3,NULL),(641,'2018-08-11',4,59,47,1,13,3,3,NULL),(642,'2018-08-11',4,56,48,1,13,3,3,NULL),(643,'2018-08-12',4,75,61,2,13,2,1,NULL),(644,'2018-08-12',4,54,78,2,13,2,1,NULL),(645,'2018-08-12',4,67,80,1,13,3,2,NULL),(646,'2018-08-12',4,58,68,1,13,3,2,NULL),(647,'2018-08-12',4,66,63,2,13,2,1,NULL),(648,'2018-08-12',4,64,74,2,13,2,1,NULL),(649,'2018-08-12',4,77,79,2,13,2,1,NULL),(650,'2018-08-12',4,65,76,2,13,2,1,NULL),(651,'2018-08-16',4,56,78,2,13,2,1,NULL),(652,'2018-08-16',4,51,66,2,13,2,1,NULL),(653,'2018-08-16',4,46,64,1,13,3,3,NULL),(654,'2018-08-16',4,43,76,1,13,3,2,NULL),(655,'2018-08-16',4,44,77,1,13,3,3,NULL),(656,'2018-08-17',4,47,68,2,13,2,1,NULL),(657,'2018-08-17',4,50,75,1,13,3,2,NULL),(658,'2018-08-17',4,67,42,2,13,2,1,NULL),(659,'2018-08-17',4,54,48,1,13,3,3,NULL),(660,'2018-08-18',4,52,74,2,13,2,1,NULL),(661,'2018-08-18',4,55,79,2,13,2,1,NULL),(662,'2018-08-18',4,49,63,1,13,3,2,NULL),(663,'2018-08-18',4,59,58,2,13,2,1,NULL),(664,'2018-08-18',4,56,78,2,13,2,1,NULL),(665,'2018-08-18',4,53,80,2,13,2,1,NULL),(666,'2018-08-18',4,61,57,1,13,3,3,NULL),(667,'2018-08-19',4,45,65,1,13,3,2,NULL),(668,'2018-08-19',4,43,54,1,13,3,1,NULL),(669,'2018-08-19',4,67,46,2,13,2,1,NULL),(670,'2018-08-19',4,68,44,1,13,3,2,NULL),(671,'2018-08-19',4,75,51,1,13,3,3,NULL),(672,'2018-08-19',4,42,64,2,13,2,1,NULL),(673,'2018-08-19',4,50,66,2,13,2,1,NULL),(674,'2018-08-19',4,47,77,1,13,3,3,NULL),(675,'2018-08-19',4,76,48,1,13,3,2,NULL),(676,'2018-08-23',4,44,59,2,13,2,1,NULL),(677,'2018-08-23',4,43,56,2,13,2,1,NULL),(678,'2018-08-23',4,51,57,2,13,2,1,NULL),(679,'2018-08-23',4,53,46,1,13,3,3,NULL),(680,'2018-08-24',4,45,78,2,13,2,1,NULL),(681,'2018-08-24',4,52,80,2,13,2,1,NULL),(682,'2018-08-24',4,58,55,2,13,2,1,NULL),(683,'2018-08-24',4,61,49,1,13,3,3,NULL),(684,'2018-08-25',4,75,63,2,13,2,1,NULL),(685,'2018-08-25',4,67,74,2,13,2,1,NULL),(686,'2018-08-25',4,54,65,1,13,3,2,NULL),(687,'2018-08-25',4,79,68,2,13,2,1,NULL),(688,'2018-08-25',4,50,51,2,13,2,1,NULL),(689,'2018-08-25',4,43,48,2,13,2,1,NULL),(690,'2018-08-25',4,46,42,2,13,2,1,NULL),(691,'2018-08-25',4,44,47,2,13,2,1,NULL),(692,'2018-08-26',4,76,78,2,13,2,1,NULL),(693,'2018-08-26',4,64,80,2,13,2,1,NULL),(694,'2018-08-26',4,61,66,1,13,3,3,NULL),(695,'2018-08-26',4,58,77,1,13,3,3,NULL),(696,'2018-08-26',4,56,45,2,13,2,1,NULL),(697,'2018-08-26',4,53,52,2,13,2,1,NULL),(698,'2018-08-26',4,55,59,1,13,3,2,NULL),(699,'2018-08-26',4,49,57,1,13,3,3,NULL),(700,'2018-08-26',4,42,74,2,13,2,1,NULL),(701,'2018-08-30',4,51,61,2,13,2,1,NULL),(702,'2018-08-30',4,44,58,2,13,2,1,NULL),(703,'2018-08-30',4,46,80,2,13,2,1,NULL),(704,'2018-08-30',4,43,78,1,13,3,3,NULL),(705,'2018-08-30',4,50,63,2,13,2,1,NULL),(706,'2018-08-30',4,48,65,2,13,2,1,NULL),(707,'2018-08-30',4,42,74,2,13,2,1,NULL),(708,'2018-08-30',4,46,79,2,13,2,1,NULL),(709,'2018-08-31',4,45,54,2,13,2,1,NULL),(710,'2018-08-31',4,55,68,2,13,2,1,NULL),(711,'2018-08-31',4,67,52,2,13,2,1,NULL),(712,'2018-08-31',4,75,49,1,13,3,3,NULL),(713,'2018-08-31',4,53,64,2,13,2,1,NULL),(714,'2018-08-31',4,57,66,2,13,2,1,NULL),(715,'2018-08-31',4,56,76,2,13,2,1,NULL),(716,'2018-08-31',4,59,77,2,13,2,1,NULL),(717,'2018-09-01',4,58,47,2,13,2,1,NULL),(718,'2018-09-01',4,50,61,2,13,2,1,NULL),(719,'2018-09-01',4,42,80,2,13,2,1,NULL),(720,'2018-09-01',4,48,78,2,13,2,1,NULL),(721,'2018-09-01',4,46,74,2,13,2,1,NULL),(722,'2018-09-01',4,44,79,2,13,2,1,NULL),(723,'2018-09-01',4,51,63,2,13,2,1,NULL),(724,'2018-09-01',4,43,65,1,13,3,3,NULL),(725,'2018-09-02',4,64,52,2,13,2,1,NULL),(726,'2018-09-02',4,77,55,2,13,2,1,NULL),(727,'2018-09-02',4,66,49,1,13,3,3,NULL),(728,'2018-09-02',4,45,76,2,13,2,1,NULL),(729,'2018-09-02',4,67,53,1,13,3,2,NULL),(730,'2018-09-02',4,75,57,1,13,3,2,NULL),(731,'2018-09-02',4,59,68,1,13,3,2,NULL),(732,'2018-09-02',4,56,54,1,13,3,2,NULL),(733,'2018-09-19',4,51,47,2,14,2,1,NULL),(734,'2018-09-19',4,43,50,2,14,2,1,NULL),(735,'2018-09-19',4,42,44,1,14,3,2,NULL),(736,'2018-09-19',4,56,67,1,14,3,3,NULL),(737,'2018-09-20',4,43,51,2,14,2,1,NULL),(738,'2018-09-20',4,42,56,2,14,2,1,NULL),(739,'2018-09-20',4,50,47,2,14,2,1,NULL),(740,'2018-09-20',4,67,44,2,14,2,1,NULL),(741,'2018-01-15',6,4,3,1,16,3,2,NULL),(742,'2018-01-15',6,6,10,2,16,2,1,NULL),(743,'2018-01-16',6,8,9,2,16,2,1,NULL),(744,'2018-01-16',6,1,11,2,16,2,1,NULL),(745,'2018-01-17',6,2,10,2,16,2,1,NULL),(746,'2018-01-17',6,5,7,2,16,2,1,NULL),(747,'2018-01-19',6,13,14,2,16,2,1,NULL),(748,'2018-01-19',6,11,12,1,16,3,3,NULL),(749,'2018-01-20',6,4,10,2,16,2,1,NULL),(750,'2018-01-20',6,3,2,2,16,2,1,NULL),(751,'2018-01-20',6,6,7,1,16,3,3,NULL),(752,'2018-01-21',6,8,13,1,16,3,2,NULL),(753,'2018-01-21',6,14,11,2,16,2,1,NULL),(754,'2018-01-21',6,12,1,2,16,2,1,NULL),(755,'2018-01-22',6,2,6,1,16,3,2,NULL),(756,'2018-01-22',6,5,10,2,16,2,1,NULL),(757,'2018-01-23',6,12,13,2,16,2,1,NULL),(758,'2018-01-23',6,7,4,1,16,3,2,NULL),(759,'2018-01-24',6,3,5,2,16,2,1,NULL),(760,'2018-01-24',6,8,14,2,16,2,1,NULL),(761,'2018-01-26',6,1,8,2,16,2,1,NULL),(762,'2018-01-26',6,13,9,2,16,2,1,NULL),(763,'2018-01-27',6,13,11,1,16,3,2,NULL),(764,'2018-01-27',6,5,4,1,16,3,3,NULL),(765,'2018-01-27',6,7,2,1,16,3,3,NULL),(766,'2018-01-28',6,12,9,2,16,2,1,NULL),(767,'2018-01-28',6,3,10,2,16,2,1,NULL),(768,'2018-01-28',6,1,14,1,16,3,2,NULL),(769,'2018-01-29',6,2,4,2,16,2,1,NULL),(770,'2018-01-29',6,5,6,1,16,3,3,NULL),(771,'2018-01-30',6,7,10,1,16,3,2,NULL),(772,'2018-01-30',6,12,8,2,16,2,1,NULL),(773,'2018-01-31',6,3,6,2,16,2,1,NULL),(774,'2018-01-31',6,14,9,2,16,2,1,NULL),(775,'2018-02-02',6,8,11,2,16,2,1,NULL),(776,'2018-02-02',6,1,9,1,16,3,2,NULL),(777,'2018-02-03',6,2,5,2,16,2,1,NULL),(778,'2018-02-03',6,6,4,2,16,2,1,NULL),(779,'2018-02-03',6,12,14,1,16,3,3,NULL),(780,'2018-02-04',6,3,7,1,16,3,2,NULL),(781,'2018-02-04',6,11,9,2,16,2,1,NULL),(782,'2018-02-04',6,1,13,1,16,3,2,NULL),(783,'2018-02-05',6,4,8,1,16,3,3,NULL),(784,'2018-02-05',6,2,13,2,16,2,1,NULL),(785,'2018-02-06',6,6,9,2,16,2,1,NULL),(786,'2018-02-06',6,12,7,1,16,3,2,NULL),(787,'2018-02-07',6,8,10,2,16,2,1,NULL),(788,'2018-02-07',6,3,11,1,16,3,3,NULL),(789,'2018-02-23',6,10,9,1,16,3,3,NULL),(790,'2018-02-23',6,3,14,2,16,2,1,NULL),(791,'2018-02-24',6,11,5,1,16,3,2,NULL),(792,'2018-02-24',6,8,7,2,16,2,1,NULL),(793,'2018-02-25',6,3,12,2,16,2,1,NULL),(794,'2018-02-25',6,4,13,1,16,3,3,NULL),(795,'2018-02-26',6,2,8,1,16,3,3,NULL),(796,'2018-02-26',6,1,6,2,16,2,1,NULL),(797,'2018-02-27',6,13,5,2,16,2,1,NULL),(798,'2018-02-27',6,11,10,2,16,2,1,NULL),(799,'2018-02-28',6,4,9,1,16,3,3,NULL),(800,'2018-02-28',6,2,1,2,16,2,1,NULL),(801,'2018-03-02',6,6,14,2,16,2,1,NULL),(802,'2018-03-02',6,9,7,2,16,2,1,NULL),(803,'2018-03-03',6,11,7,2,16,2,1,NULL),(804,'2018-03-03',6,3,1,2,16,2,1,NULL),(805,'2018-03-04',6,12,6,1,16,3,3,NULL),(806,'2018-03-04',6,13,10,1,16,3,2,NULL),(807,'2018-03-05',6,4,11,2,16,2,1,NULL),(808,'2018-03-05',6,1,5,2,16,2,1,NULL),(809,'2018-03-06',6,2,9,2,16,2,1,NULL),(810,'2018-03-06',6,13,6,1,16,3,3,NULL),(811,'2018-03-07',6,10,14,2,16,2,1,NULL),(812,'2018-03-07',6,12,5,1,16,3,3,NULL),(813,'2018-03-09',6,6,11,1,16,3,3,NULL),(814,'2018-03-09',6,3,8,2,16,2,1,NULL),(815,'2018-03-10',6,13,7,1,16,3,3,NULL),(816,'2018-03-10',6,5,14,2,16,2,1,NULL),(817,'2018-03-11',6,12,10,2,16,2,1,NULL),(818,'2018-03-11',6,4,1,1,16,3,3,NULL),(819,'2018-03-12',6,3,9,2,16,2,1,NULL),(820,'2018-03-12',6,2,11,2,16,2,1,NULL),(821,'2018-03-13',6,14,7,2,16,2,1,NULL),(822,'2018-03-13',6,6,8,2,16,2,1,NULL),(823,'2018-03-14',6,1,10,1,16,3,3,NULL),(824,'2018-03-14',6,5,9,1,16,3,2,NULL),(825,'2018-03-16',6,2,12,2,16,2,1,NULL),(826,'2018-03-16',6,4,14,2,16,2,1,NULL),(827,'2018-03-17',6,3,13,2,16,2,1,NULL),(828,'2018-03-17',6,8,5,1,16,3,3,NULL),(829,'2018-03-17',6,1,7,1,16,3,3,NULL),(830,'2018-03-18',6,2,14,2,16,2,1,NULL),(831,'2018-03-18',6,4,12,2,16,2,1,NULL),(832,'2018-03-19',6,6,10,1,16,3,3,NULL),(833,'2018-03-19',6,11,13,1,16,3,3,NULL),(834,'2018-03-20',6,2,7,2,16,2,1,NULL),(835,'2018-03-20',6,5,4,2,16,2,1,NULL),(836,'2018-03-21',6,9,14,2,16,2,1,NULL),(837,'2018-03-21',6,12,1,1,16,3,3,NULL),(838,'2018-03-23',6,3,5,2,16,2,1,NULL),(839,'2018-03-23',6,1,9,2,16,2,1,NULL),(840,'2018-03-24',6,2,10,2,16,2,1,NULL),(841,'2018-03-24',6,13,8,2,16,2,1,NULL),(842,'2018-03-24',6,7,6,1,16,3,2,NULL),(843,'2018-03-25',6,1,14,1,16,3,3,NULL),(844,'2018-03-25',6,12,9,2,16,2,1,NULL),(845,'2018-03-25',6,3,4,2,16,2,1,NULL),(846,'2018-03-26',6,6,2,2,16,2,1,NULL),(847,'2018-03-26',6,5,10,1,16,3,3,NULL),(848,'2018-03-27',6,11,14,2,16,2,1,NULL),(849,'2018-03-27',6,8,12,2,16,2,1,NULL),(850,'2018-03-28',6,3,10,2,16,2,1,NULL),(851,'2018-03-28',6,4,6,2,16,2,1,NULL),(852,'2018-03-30',6,7,5,1,16,3,2,NULL),(853,'2018-03-30',6,8,11,2,16,2,1,NULL),(854,'2018-03-31',6,3,2,2,16,2,1,NULL),(855,'2018-03-31',6,1,13,1,16,3,3,NULL),(856,'2018-03-31',6,7,4,1,16,3,2,NULL),(857,'2018-04-01',6,8,14,2,16,2,1,NULL),(858,'2018-04-01',6,11,12,2,16,2,1,NULL),(859,'2018-04-01',6,5,6,1,16,3,2,NULL),(860,'2018-04-02',6,13,9,2,16,2,1,NULL),(861,'2018-04-02',6,4,2,2,16,2,1,NULL),(862,'2018-04-03',6,3,6,1,16,3,3,NULL),(863,'2018-04-03',6,1,11,2,16,2,1,NULL),(864,'2018-04-04',6,10,7,2,16,2,1,NULL),(865,'2018-04-04',6,14,12,2,16,2,1,NULL),(866,'2018-04-06',6,8,9,2,16,2,1,NULL),(867,'2018-04-06',6,12,13,1,16,3,3,NULL),(868,'2018-04-07',6,5,2,1,16,3,3,NULL),(869,'2018-04-07',6,4,10,2,16,2,1,NULL),(870,'2018-04-07',6,3,7,2,16,2,1,NULL),(871,'2018-04-08',6,14,13,1,16,3,2,NULL),(872,'2018-04-08',6,11,9,1,16,3,2,NULL),(873,'2018-04-08',6,1,8,1,16,3,2,NULL),(874,'2018-04-12',6,4,13,3,17,3,4,NULL),(875,'2018-04-13',6,8,5,3,17,3,4,NULL),(876,'2018-04-14',6,4,12,2,17,4,5,NULL),(877,'2018-04-15',6,2,8,1,17,5,8,NULL),(878,'2018-04-21',6,4,3,1,17,5,13,NULL),(879,'2018-04-22',6,1,2,2,17,4,5,NULL),(880,'2018-04-24',6,2,3,2,17,4,6,NULL),(881,'2018-04-28',6,4,1,2,17,4,7,NULL),(882,'2018-09-21',4,42,43,1,14,3,2,NULL),(883,'2018-09-21',4,51,50,2,14,2,1,NULL),(884,'2018-09-21',4,56,67,1,14,3,2,NULL),(885,'2018-09-22',4,51,56,1,14,3,3,NULL),(886,'2018-09-22',4,43,51,2,14,2,1,NULL),(887,'2018-09-23',4,43,42,2,15,4,5,NULL),(888,'2017-09-24',2,18,19,1,4,1,16,NULL),(889,'2017-10-12',2,20,27,1,6,1,16,NULL),(890,'2017-10-12',2,20,34,1,6,1,16,NULL);

/*Table structure for table `match_list` */

DROP TABLE IF EXISTS `match_list`;

CREATE TABLE `match_list` (
  `id` int(11) NOT NULL AUTO_INCREMENT COMMENT '赛事列表',
  `name` varchar(40) COLLATE utf8mb4_unicode_ci DEFAULT NULL,
  `searson_year` int(10) DEFAULT NULL,
  `searson_number` int(10) DEFAULT '2',
  PRIMARY KEY (`id`)
) ENGINE=InnoDB AUTO_INCREMENT=11 DEFAULT CHARSET=utf8mb4 COLLATE=utf8mb4_unicode_ci;

/*Data for the table `match_list` */

insert  into `match_list`(`id`,`name`,`searson_year`,`searson_number`) values (1,'LPL2018夏季赛',2018,2),(2,'2017全球总决赛-中国',2017,1),(3,'2016全球总决赛-美国',2016,1),(4,'2018LDL夏季赛',2018,2),(5,'2018LDL春季赛',2018,1),(6,'LPL2018春季赛',2018,1),(7,'LPL2017春季赛',2017,1),(8,'LPL2017夏季赛',2017,2),(9,'LPL2016春季赛',2016,1),(10,'LPL2016夏季赛',2016,1);

/*Table structure for table `match_team` */

DROP TABLE IF EXISTS `match_team`;

CREATE TABLE `match_team` (
  `id` int(11) NOT NULL AUTO_INCREMENT COMMENT '赛事所有战队及分区情况',
  `match_id` int(11) DEFAULT '10' COMMENT 'match_list 表id',
  `team_id` int(11) DEFAULT NULL COMMENT 'team_list 表id',
  `team_area` int(11) DEFAULT '32' COMMENT 'area_list 表id',
  PRIMARY KEY (`id`)
) ENGINE=InnoDB AUTO_INCREMENT=183 DEFAULT CHARSET=utf8mb4 COLLATE=utf8mb4_unicode_ci;

/*Data for the table `match_team` */

insert  into `match_team`(`id`,`match_id`,`team_id`,`team_area`) values (1,1,1,2),(2,1,2,2),(3,1,3,1),(4,1,4,1),(5,1,5,1),(6,1,6,1),(7,1,7,1),(8,1,8,1),(9,1,9,1),(10,1,10,2),(11,1,11,2),(12,1,12,2),(13,1,13,2),(14,1,14,2),(15,2,13,7),(16,2,15,7),(17,2,16,7),(18,2,17,7),(19,2,18,7),(20,2,19,7),(21,2,20,7),(22,2,21,7),(23,2,22,7),(24,2,23,7),(25,2,24,7),(26,2,25,7),(27,2,1,3),(28,2,4,5),(29,2,35,6),(30,2,30,3),(31,2,33,3),(32,2,29,4),(33,2,27,4),(34,2,34,4),(35,2,28,5),(36,2,31,5),(37,2,26,6),(38,2,32,6),(39,3,39,17),(40,3,28,17),(41,3,36,17),(42,3,41,17),(43,3,32,19),(44,3,30,19),(45,3,8,19),(46,3,17,19),(47,3,1,20),(48,3,33,20),(49,3,37,20),(50,3,40,20),(51,3,26,21),(52,3,4,21),(53,3,31,21),(54,3,38,21),(55,5,42,22),(56,5,43,22),(57,5,44,22),(58,5,45,22),(59,5,46,22),(60,5,47,22),(61,5,48,22),(62,5,49,22),(63,5,50,22),(64,5,51,22),(65,5,52,22),(66,5,53,22),(67,5,54,22),(68,5,55,22),(69,5,56,22),(70,5,57,22),(71,5,58,22),(72,5,59,22),(73,5,60,22),(74,5,61,22),(75,5,62,22),(76,5,63,22),(77,5,64,22),(78,5,65,22),(79,5,66,22),(80,5,67,22),(81,5,68,22),(82,5,69,22),(83,5,70,22),(84,5,71,22),(85,5,72,22),(86,5,73,22),(87,4,42,23),(88,4,43,23),(89,4,44,23),(90,4,45,23),(91,4,46,23),(92,4,47,23),(93,4,48,23),(94,4,49,23),(95,4,50,23),(96,4,51,23),(97,4,52,23),(98,4,53,23),(99,4,54,23),(100,4,55,23),(101,4,56,23),(102,4,57,23),(103,4,58,23),(104,4,59,23),(106,4,61,23),(108,4,63,23),(109,4,64,23),(110,4,65,23),(111,4,66,23),(112,4,67,23),(113,4,68,23),(114,4,80,23),(115,4,74,23),(116,4,75,23),(117,4,76,23),(118,4,77,23),(119,4,78,23),(120,4,79,23),(121,6,3,24),(122,6,2,24),(123,6,4,24),(124,6,5,24),(125,6,6,24),(126,6,7,24),(127,6,10,24),(128,6,1,25),(129,6,12,25),(130,6,8,25),(131,6,13,25),(132,6,11,25),(133,6,14,25),(134,6,9,25),(135,8,13,26),(136,8,1,26),(137,8,3,26),(138,8,12,26),(139,8,8,26),(140,8,10,26),(141,8,4,27),(142,8,14,27),(143,8,11,27),(144,8,6,27),(145,8,7,27),(146,8,5,27),(147,7,4,28),(148,7,14,28),(149,7,3,28),(150,7,8,28),(151,7,12,28),(152,7,7,28),(153,7,13,29),(154,7,1,29),(155,7,5,29),(156,7,11,29),(157,7,9,29),(158,7,81,29),(159,9,5,30),(160,9,12,30),(161,9,13,30),(162,9,7,30),(163,9,81,30),(164,9,83,30),(165,9,4,31),(166,9,1,31),(167,9,14,31),(168,9,3,31),(169,9,9,31),(170,9,82,31),(171,10,1,32),(172,10,12,32),(173,10,81,32),(174,10,11,32),(175,10,3,32),(176,10,82,32),(177,10,4,33),(178,10,13,33),(179,10,9,33),(180,10,8,33),(181,10,7,33),(182,10,14,33);

/*Table structure for table `match_type` */

DROP TABLE IF EXISTS `match_type`;

CREATE TABLE `match_type` (
  `id` int(11) NOT NULL AUTO_INCREMENT COMMENT '赛事阶段',
  `match_id` int(11) DEFAULT NULL,
  `bo_number` int(2) DEFAULT NULL COMMENT 'BO 几?',
  `name` varchar(40) COLLATE utf8_unicode_ci DEFAULT NULL COMMENT '常规赛?季后赛?冒泡赛',
  PRIMARY KEY (`id`)
) ENGINE=InnoDB AUTO_INCREMENT=28 DEFAULT CHARSET=utf8 COLLATE=utf8_unicode_ci;

/*Data for the table `match_type` */

insert  into `match_type`(`id`,`match_id`,`bo_number`,`name`) values (1,1,3,'常规赛'),(2,1,5,'季后赛'),(3,1,5,'S8冒泡赛'),(4,2,1,'S7入围赛第一轮'),(5,2,5,'S7入围赛淘汰赛'),(6,2,1,'S7小组赛'),(7,2,5,'S7淘汰赛'),(8,3,1,'S6小组赛'),(9,3,5,'S6淘汰赛'),(10,5,3,'常规赛'),(11,5,3,'淘汰赛'),(12,5,5,'决赛'),(13,4,3,'常规赛'),(14,4,3,'淘汰赛'),(15,4,5,'决赛'),(16,6,3,'常规赛'),(17,6,5,'季后赛'),(18,10,3,'常规赛/季后赛BO3'),(20,10,5,'季后赛BO5'),(21,9,3,'常规赛/季后赛BO3'),(23,9,5,'季后赛BO5'),(24,7,3,'常规赛'),(25,7,5,'季后赛'),(26,8,3,'常规赛'),(27,8,5,'季后赛');

/*Table structure for table `process_list` */

DROP TABLE IF EXISTS `process_list`;

CREATE TABLE `process_list` (
  `id` int(11) NOT NULL AUTO_INCREMENT COMMENT '比赛流程枚举',
  `process` varchar(20) COLLATE utf8mb4_unicode_ci DEFAULT NULL,
  `bo_number` int(2) DEFAULT NULL,
  `description` varchar(60) COLLATE utf8mb4_unicode_ci DEFAULT NULL COMMENT '描述',
  `total` int(2) DEFAULT '3' COMMENT '局数',
  `score` varchar(10) COLLATE utf8mb4_unicode_ci DEFAULT NULL COMMENT '比分结果',
  PRIMARY KEY (`id`)
) ENGINE=InnoDB AUTO_INCREMENT=17 DEFAULT CHARSET=utf8mb4 COLLATE=utf8mb4_unicode_ci;

/*Data for the table `process_list` */

insert  into `process_list`(`id`,`process`,`bo_number`,`description`,`total`,`score`) values (1,'1-1',3,'直落两盘',2,'2:0'),(2,'0-1-1',3,'让一追二',3,'2:1'),(3,'1-0-1',3,'赢一丢一再赢一',3,'2:1'),(4,'1-1-1',5,'直落三盘',3,'3:0'),(5,'1-1-0-1',5,'赢二丢一再赢一',4,'3:1'),(6,'1-0-1-1',5,'赢一丢一再赢二',4,'3:1'),(7,'0-1-1-1',5,'让一追三',4,'3:1'),(8,'1-1-0-0-1',5,'赢二丢二再赢一',5,'3:2'),(9,'1-0-1-0-1',5,'赢一丢一赢一丢一再赢一',5,'3:2'),(10,'1-0-0-1-1',5,'赢一丢二再赢二',5,'3:2'),(11,'0-0-1-1-1',5,'让二追三',5,'3:2'),(12,'0-1-0-1-1',5,'丢一赢一丢一再赢二',5,'3:2'),(13,'0-1-1-0-1',5,'丢一追二丢一再赢一',5,'3:2'),(16,'1',1,'赢',1,'1:0');

/*Table structure for table `team_list` */

DROP TABLE IF EXISTS `team_list`;

CREATE TABLE `team_list` (
  `id` int(11) NOT NULL AUTO_INCREMENT COMMENT '战队列表',
  `name` varchar(40) COLLATE utf8mb4_unicode_ci DEFAULT NULL,
  `area` varchar(40) COLLATE utf8mb4_unicode_ci DEFAULT 'LDL' COMMENT '赛区',
  PRIMARY KEY (`id`)
) ENGINE=InnoDB AUTO_INCREMENT=84 DEFAULT CHARSET=utf8mb4 COLLATE=utf8mb4_unicode_ci;

/*Data for the table `team_list` */

insert  into `team_list`(`id`,`name`,`area`) values (1,'EDG','LPL'),(2,'RW','LPL'),(3,'IG','LPL'),(4,'RNG','LPL'),(5,'JDG','LPL'),(6,'SNG','LPL'),(7,'LGD','LPL'),(8,'BLG','LPL'),(9,'VG','LPL'),(10,'TOP','LPL'),(11,'FPX','LPL'),(12,'SS','LPL'),(13,'WE','LPL'),(14,'OMG','LPL'),(15,'GMB','LCL'),(16,'LYN','LLN'),(17,'C9','NALCS'),(18,'ONE','CBLoL'),(19,'DW','OPL'),(20,'FNC','EULCS'),(21,'YG','GPL'),(22,'KLG','CLS'),(23,'HKA','LMS'),(24,'FB','TCL'),(25,'RPG','LJL'),(26,'TSM','NALCS'),(27,'IMT','NALCS'),(28,'G2','EULCS'),(29,'KZ','LCK'),(30,'SKT','LCK'),(31,'Gen.G','LCK'),(32,'FW','LMS'),(33,'AHQ','LMS'),(34,'GAM','GPL'),(35,'MSF','EULCS'),(36,'CLG','NALCS'),(37,'H2K','EULCS'),(38,'SPY','EULCS'),(39,'HLE','LCK'),(40,'INTZ','IWCQ'),(41,'ANX','IWCQ'),(42,'UP','LDL'),(43,'SDG','LDL'),(44,'MSC','LDL'),(45,'RYL','LDL'),(46,'Tyloo','LDL'),(47,'TF','LDL'),(48,'VSG','LDL'),(49,'SC','LDL'),(50,'ME','LDL'),(51,'VTG','LDL'),(52,'GT','LDL'),(53,'SNS','LDL'),(54,'JDM','LDL'),(55,'SG','LDL'),(56,'OG','LDL'),(57,'KOF','LDL'),(58,'RWS','LDL'),(59,'SN','LDL'),(60,'TSG','LDL'),(61,'PRW','LDL'),(62,'LZQ','LDL'),(63,'OMD','LDL'),(64,'VP','LDL'),(65,'BJO','LDL'),(66,'CQG','LDL'),(67,'YM','LDL'),(68,'SYX','LDL'),(69,'QNG','LDL'),(70,'VC','LDL'),(71,'TRG','LDL'),(72,'KM','LDL'),(73,'LX','LDL'),(74,'SHG','LDL'),(75,'WD','LDL'),(76,'VRG','LDL'),(77,'OY','LDL'),(78,'LPY','LDL'),(79,'DKL','LDL'),(80,'VT','LDL'),(81,'GT','LPL'),(82,'SAT','LPL'),(83,'TKF','LPL');

/*!40101 SET SQL_MODE=@OLD_SQL_MODE */;
/*!40014 SET FOREIGN_KEY_CHECKS=@OLD_FOREIGN_KEY_CHECKS */;
/*!40014 SET UNIQUE_CHECKS=@OLD_UNIQUE_CHECKS */;
/*!40111 SET SQL_NOTES=@OLD_SQL_NOTES */;
